,City,Country,Date,Latitude,Longitude,Cloudiness (%),Humidity (%),Max Temp (F),Wind Speed (mph)
0,Bambous Virieux,MU,1603237000,-20.34,57.76,20,73,75.2,9.17
1,Kemijärvi,FI,1603236779,66.71,27.43,100,98,29.3,1.7
2,Busselton,AU,1603237002,-33.65,115.33,0,56,62.01,7.16
3,Upernavik,GL,1603237003,72.79,-56.15,100,90,33.35,1.72
4,Chui,UY,1603237005,-33.7,-53.46,100,78,57.11,14.74
5,Avarua,CK,1603236822,-21.21,-159.78,43,94,77.0,5.82
6,Kaitangata,NZ,1603237007,-46.28,169.85,72,49,55.35,0.63
7,Dryden,CA,1603237008,49.78,-92.75,90,87,32.0,5.82
8,Bluff,NZ,1603236953,-46.6,168.33,59,63,55.99,8.99
9,Hammerfest,NO,1603237011,70.66,23.68,20,86,28.4,4.7
10,Butaritari,KI,1603236872,3.07,172.79,80,77,82.06,12.82
11,Dingle,PH,1603236883,11.0,122.67,97,83,81.9,11.54
12,Atuona,PF,1603236792,-9.8,-139.03,2,73,78.04,16.37
13,Mataura,NZ,1603237016,-46.19,168.86,25,63,55.99,8.99
14,Tura,IN,1603237017,25.52,90.22,0,92,71.44,2.82
15,Bānposh,IN,1603237018,22.25,84.8,90,73,68.99,2.01
16,Ostrovnoy,RU,1603236860,68.05,39.51,100,80,36.88,13.8
17,Cape Town,ZA,1603237007,-33.93,18.42,0,81,53.01,3.36
18,Port Macquarie,AU,1603236840,-31.43,152.92,1,57,72.0,1.99
19,Bredasdorp,ZA,1603237023,-34.53,20.04,0,87,42.8,4.7
20,Ushuaia,AR,1603236847,-54.8,-68.3,40,81,42.8,6.93
21,Guerrero,MX,1603236851,17.67,-100.0,100,78,70.95,0.92
22,Hermanus,ZA,1603236851,-34.42,19.23,0,93,45.0,1.01
23,Punta Arenas,CL,1603236974,-53.15,-70.92,75,52,46.4,8.05
24,Dakar,SN,1603237029,14.69,-17.44,98,79,84.2,10.22
25,Hithadhoo,MV,1603236856,-0.6,73.08,79,81,81.79,14.52
26,Carnarvon,AU,1603237032,-24.87,113.63,69,72,68.0,16.11
27,Vila,PT,1603237033,42.03,-8.16,100,95,54.0,3.0
28,Port Hardy,CA,1603237034,50.7,-127.42,40,62,53.6,6.93
29,Kupang,ID,1603237035,-10.17,123.58,20,78,80.6,5.82
30,City of San Pedro,PH,1603237037,14.35,121.02,90,94,78.8,5.82
31,Rikitea,PF,1603237038,-23.12,-134.97,0,77,73.94,11.81
32,Esperance,AU,1603237039,-33.87,121.9,90,100,59.0,14.99
33,Port Elizabeth,ZA,1603237041,-33.92,25.57,1,81,53.6,5.82
34,Margate,GB,1603237042,51.38,1.39,100,88,59.0,4.0
35,Hilo,US,1603237043,19.73,-155.09,1,45,87.8,11.41
36,Port Alfred,ZA,1603237044,-33.59,26.89,3,74,56.28,9.62
37,Thompson,CA,1603237046,55.74,-97.86,90,74,28.4,3.36
38,Dunedin,NZ,1603237047,-45.87,170.5,90,58,53.91,3.76
39,Santa Isabel,BR,1603237048,-23.32,-46.22,78,100,69.8,4.7
40,Arrondissement de Beaune,FR,1603237050,47.08,4.75,100,42,62.6,25.28
41,Kasempa,ZM,1603237051,-13.46,25.83,0,27,66.79,5.19
42,Yumen,CN,1603237052,40.28,97.2,0,52,41.63,7.83
43,Dubti,ET,1603237053,11.74,41.09,0,24,83.75,2.35
44,Tuktoyaktuk,CA,1603236800,69.45,-133.04,90,92,23.0,14.99
45,São João da Barra,BR,1603237056,-21.64,-41.05,98,84,72.54,10.38
46,Takoradze,GH,1603236882,4.88,-1.76,100,91,76.19,8.84
47,Albany,US,1603236931,42.6,-73.97,100,81,59.0,3.36
48,Nikolskoye,RU,1603237059,59.7,30.79,75,92,32.0,1.79
49,Solnechnyy,RU,1603237061,50.72,136.63,86,66,41.56,9.33
50,Nouadhibou,MR,1603236797,20.93,-17.03,1,50,78.8,17.22
51,Mehamn,NO,1603237063,71.04,27.85,74,83,35.78,3.96
52,Buala,SB,1603237065,-8.14,159.59,97,68,85.51,5.5
53,Huarmey,PE,1603237066,-10.07,-78.15,33,79,64.42,7.18
54,Lompoc,US,1603237067,34.64,-120.46,75,77,62.6,10.29
55,Jamestown,US,1603236780,42.1,-79.24,90,93,48.0,6.93
56,Apatou,GF,1603237070,5.16,-54.35,98,68,79.32,5.7
57,Hobart,AU,1603236825,-42.88,147.33,75,54,63.0,5.82
58,Atar,MR,1603237072,20.52,-13.05,0,25,86.85,5.48
59,Billings Metropolitan Area,US,1603237049,45.78,-108.5,90,80,37.99,8.05
60,Barrow,US,1603236865,71.29,-156.79,75,85,24.8,11.41
61,Khatanga,RU,1603237076,71.97,102.5,83,95,5.67,8.01
62,Kapaa,US,1603237077,22.08,-159.32,90,88,82.0,8.05
63,Esmeraldas,BR,1603237079,-19.76,-44.31,90,100,62.6,3.36
64,Saskylakh,RU,1603236833,71.92,114.08,96,97,19.85,8.48
65,Madera,US,1603236867,37.17,-119.83,0,24,87.01,1.01
66,Wanning,CN,1603237082,18.8,110.4,90,85,72.77,15.37
67,Saint-Pierre,RE,1603237084,-21.34,55.48,33,60,71.6,6.93
68,Yellowknife,CA,1603236942,62.46,-114.35,75,85,25.0,13.87
69,Vaini,TO,1603237086,-21.2,-175.2,75,65,77.0,10.29
70,New Norfolk,AU,1603237087,-42.78,147.06,95,53,63.0,1.99
71,Agadez,NE,1603237089,19.75,10.25,0,18,75.58,2.73
72,Avera,US,1603237090,33.19,-82.53,1,78,71.6,5.82
73,Geraldton,AU,1603237091,-28.77,114.6,75,72,66.2,13.87
74,Acapulco de Juárez,MX,1603237092,16.86,-99.89,75,79,86.0,8.05
75,Jianning,CN,1603237094,27.83,113.15,90,87,57.2,6.71
76,Faanui,PF,1603237095,-16.48,-151.75,45,81,78.84,15.01
77,Lillooet,CA,1603237096,50.69,-121.94,40,54,53.6,5.82
78,São Filipe,CV,1603237098,14.9,-24.5,100,61,84.07,7.7
79,Saint Paul Harbor,US,1603237099,57.79,-152.41,1,42,48.2,19.46
80,Boyolangu,ID,1603237100,-8.12,111.89,81,76,81.12,3.18
81,Micheweni,TZ,1603236863,-4.97,39.83,9,81,77.14,9.24
82,Saint-Philippe,RE,1603236806,-21.36,55.77,28,60,71.6,6.93
83,Polunochnoye,RU,1603237104,60.87,60.42,15,98,27.3,5.1
84,Adrar,MR,1603237105,20.5,-10.07,0,16,84.51,7.09
85,Goderich,CA,1603236999,43.75,-81.72,98,82,50.0,14.25
86,Half Moon Bay,US,1603237027,37.46,-122.43,1,77,82.99,3.36
87,Atbasar,KZ,1603237108,51.8,68.33,67,48,46.9,8.16
88,Parabel',RU,1603237110,58.7,81.48,100,95,39.04,11.56
89,Anori,BR,1603236827,-3.77,-61.64,97,73,80.71,1.88
90,Te Anau,NZ,1603237112,-45.42,167.72,10,50,53.22,6.17
91,Broome,US,1603237113,42.25,-75.83,90,100,51.01,8.05
92,Épinal,FR,1603237115,48.18,6.45,100,62,57.2,8.05
93,Hong Kong,HK,1603236949,22.29,114.16,37,71,72.0,1.99
94,Yaan,NG,1603237117,7.38,8.57,89,91,74.77,7.18
95,Longyearbyen,SJ,1603237118,78.22,15.64,5,79,23.0,8.05
96,Kānkon,IN,1603237119,15.02,74.02,90,100,77.0,2.24
97,Vostok,RU,1603237121,46.49,135.88,67,63,43.59,4.32
98,Castro,BR,1603237122,-24.79,-50.01,70,87,64.94,5.61
99,Bambanglipuro,ID,1603237123,-7.95,110.28,95,78,80.2,2.37
100,Puerto Ayora,EC,1603237124,-0.74,-90.35,78,92,69.01,7.0
101,Barcelos,PT,1603237126,41.54,-8.62,90,100,59.0,17.22
102,Tilichiki,RU,1603237127,60.47,166.1,100,87,40.51,18.1
103,Port Blair,IN,1603237128,11.67,92.75,55,83,80.78,13.82
104,Marabba,SD,1603237129,12.35,32.18,13,41,84.24,8.88
105,Ţahţā,EG,1603237130,26.77,31.5,0,29,77.0,1.12
106,Balkanabat,TM,1603237032,39.51,54.37,32,79,56.44,3.67
107,San Vicente,AR,1603237133,-26.62,-54.13,86,72,71.17,2.82
108,Poum,NC,1603237134,-20.23,164.02,0,65,75.34,3.31
109,Pimenta Bueno,BR,1603237058,-11.67,-61.19,27,56,81.19,2.1
110,George Town,MY,1603236873,5.41,100.34,20,88,78.8,2.24
111,Xining,CN,1603237138,36.62,101.77,0,68,35.33,1.74
112,Paamiut,GL,1603237139,61.99,-49.67,99,80,36.66,3.56
113,Kavieng,PG,1603237141,-2.57,150.8,92,78,82.0,9.15
114,Cabo San Lucas,MX,1603237142,22.89,-109.91,5,35,89.6,11.41
115,Killybegs,IE,1603237143,54.63,-8.45,97,97,54.0,5.01
116,Beloha,MG,1603237144,-25.17,45.05,0,73,65.62,3.98
117,Acaraú,BR,1603237026,-2.89,-40.12,12,75,78.98,16.93
118,Karpathos,GR,1603237147,35.51,27.21,80,77,66.2,2.24
119,Voh,NC,1603237148,-20.97,164.7,12,45,84.47,1.99
120,Gerāsh,IR,1603237150,27.67,54.14,0,32,59.45,1.59
121,Yulara,AU,1603236907,-25.24,130.99,0,42,82.4,9.17
122,Clyde River,CA,1603237152,70.47,-68.59,40,79,28.4,13.87
123,Assiniboia,CA,1603237153,49.63,-105.98,97,96,21.79,9.95
124,Vila Velha,BR,1603236910,-20.33,-40.29,90,94,69.8,6.93
125,Indi,IN,1603237156,17.17,75.97,99,90,72.79,2.73
126,Dikson,RU,1603237157,73.51,80.55,89,96,23.22,5.46
127,Aklavik,CA,1603237158,68.22,-135.01,90,79,23.0,14.99
128,Kloulklubed,PW,1603237160,7.04,134.26,90,88,78.8,4.7
129,Nuuk,GL,1603237077,64.18,-51.72,75,90,33.8,16.11
130,Mirny,RU,1603237162,62.54,113.96,90,92,15.8,6.71
131,Mar del Plata,AR,1603237163,-38.0,-57.56,12,71,53.01,3.36
132,Sanghar,PK,1603237165,26.05,68.95,0,72,68.0,4.7
133,Kytmanovo,RU,1603237166,53.46,85.45,78,78,36.72,5.77
134,Chapleau,CA,1603237167,47.84,-83.4,90,74,33.8,3.47
135,Tailai,CN,1603237168,46.38,123.4,81,49,48.58,20.22
136,Grand Gaube,MU,1603237170,-20.01,57.66,1,74,73.99,5.01
137,Doha,QA,1603237171,25.29,51.53,0,54,80.6,4.7
138,Laas,IT,1603236904,46.62,10.7,40,100,50.0,3.11
139,Bereda,ES,1603236990,43.27,-7.54,100,100,55.99,7.0
140,Preobrazheniye,RU,1603237174,42.9,133.91,89,76,57.22,3.89
141,Salinas,US,1603237047,36.68,-121.66,1,68,71.01,14.99
142,Teya,RU,1603237177,60.38,92.63,100,97,29.07,3.76
143,Marawi,PH,1603237178,8.0,124.29,100,88,78.01,4.0
144,Inírida,CO,1603237179,3.87,-67.92,100,87,77.74,1.39
145,Lebu,CL,1603237181,-37.62,-73.65,19,76,49.87,19.19
146,Cherskiy,RU,1603237182,68.75,161.3,95,97,22.51,6.69
147,Andenes,NO,1603236891,69.31,16.12,7,79,28.4,8.05
148,Ossora,RU,1603237184,59.24,163.07,100,94,35.04,10.36
149,Mount Isa,AU,1603237186,-20.73,139.5,1,16,91.4,9.17
150,Kamenka,RU,1603237187,51.32,42.77,10,85,35.74,10.89
151,Pangnirtung,CA,1603237188,66.15,-65.71,90,100,26.6,2.06
152,Necochea,AR,1603236941,-38.55,-58.74,39,79,48.0,7.9
153,Berbera,SO,1603237191,10.44,45.01,0,54,83.05,5.12
154,Severo-Kuril'sk,RU,1603237163,50.68,156.12,62,65,42.42,26.15
155,Norman Wells,CA,1603237193,65.28,-126.83,75,85,23.0,12.75
156,Leningradskiy,RU,1603236938,69.38,178.42,100,80,36.84,9.91
157,Tiksi,RU,1603237154,71.69,128.87,97,92,8.67,10.07
158,Ranong,TH,1603237197,9.97,98.63,75,94,75.2,2.17
159,Puerto Escondido,MX,1603237198,15.85,-97.07,75,65,82.4,4.7
160,Vardø,NO,1603237200,70.37,31.11,87,75,38.52,5.48
161,Huazhou,CN,1603237201,21.63,110.58,27,77,66.22,10.8
162,Hurghada,EG,1603237202,27.26,33.81,0,39,78.8,10.29
163,Fairbanks,US,1603237204,64.84,-147.72,90,85,23.0,0.94
164,Isangel,VU,1603237205,-19.55,169.27,40,66,84.2,6.93
165,Codrington,AU,1603237206,-38.27,141.97,16,71,56.68,4.21
166,Verkhnevilyuysk,RU,1603237207,63.45,120.32,56,97,16.9,3.94
167,Talnakh,RU,1603237209,69.49,88.4,75,84,8.6,2.24
168,Plettenberg Bay,ZA,1603237210,-34.05,23.37,0,79,53.42,3.11
169,Qaanaaq,GL,1603237211,77.48,-69.36,0,82,20.7,6.06
170,Flinders,AU,1603237213,-34.58,150.86,17,66,72.0,4.0
171,Malampaka,TZ,1603237214,-3.13,33.53,84,63,72.5,2.77
172,Mahabalipuram,IN,1603237215,12.63,80.17,40,100,78.8,4.7
173,Krasnyy Kut,RU,1603237216,50.95,46.97,39,73,38.77,9.86
174,San Patricio,US,1603237218,28.02,-97.52,20,65,82.4,11.41
175,Khilok,RU,1603237219,51.37,110.47,44,89,20.98,8.32
176,East London,ZA,1603237220,-33.02,27.91,5,68,58.35,7.96
177,Severo-Yeniseyskiy,RU,1603237221,60.37,93.04,99,99,25.72,4.14
178,Micomeseng,GQ,1603237223,2.15,10.62,100,98,69.08,2.77
179,Mossamedes,AO,1603237224,-15.2,12.15,61,84,66.7,4.41
180,Najrān,SA,1603237153,17.49,44.13,0,23,64.4,6.93
181,Hualmay,PE,1603237226,-11.1,-77.61,46,82,63.16,6.6
182,Torbay,CA,1603237228,47.67,-52.73,90,93,55.99,12.75
183,Tasiilaq,GL,1603237229,65.61,-37.64,100,93,32.0,17.22
184,Asău,RO,1603237230,46.43,26.4,0,93,37.4,4.7
185,Diffa,NE,1603237232,13.32,12.61,12,15,84.61,9.73
186,Provideniya,RU,1603237233,64.38,-173.3,90,87,42.8,15.66
187,Airai,TL,1603237225,-8.93,125.41,77,40,74.57,2.95
188,Khovd,MN,1603237235,48.01,91.64,7,84,27.57,1.16
189,Douglas,US,1603237237,41.3,-96.17,40,93,42.01,5.82
190,Vila Franca do Campo,PT,1603237238,37.72,-25.43,40,67,60.8,11.41
191,Alton,US,1603237191,38.89,-90.18,90,100,54.0,8.05
192,Taltal,CL,1603237209,-25.4,-70.48,26,66,60.78,4.23
193,Rong Kwang,TH,1603237242,18.34,100.32,95,93,69.84,2.44
194,Filingué,NE,1603237243,14.35,3.32,2,19,91.35,5.64
195,Husavik,IS,1603237244,66.04,-17.34,82,85,24.8,4.7
196,Leshukonskoye,RU,1603237245,64.9,45.76,55,97,19.42,4.0
197,Sungai Penuh,ID,1603237247,-2.08,101.38,98,86,67.37,1.61
198,Burgeo,CA,1603236994,47.62,-57.62,94,93,54.46,14.94
199,Inhambane,MZ,1603237218,-23.86,35.38,10,87,72.16,8.39
200,Egvekinot,RU,1603237250,66.32,-179.17,100,100,34.16,6.6
201,Zmeinogorsk,RU,1603237251,51.16,82.19,51,68,37.09,4.79
202,Ayan,RU,1603237253,56.45,138.17,100,77,35.46,7.11
203,Araouane,ML,1603237254,18.9,-3.53,0,16,85.89,8.75
204,Goya,AR,1603237256,-29.14,-59.26,48,76,72.52,13.18
205,Arraial do Cabo,BR,1603237257,-22.97,-42.03,3,83,72.93,21.25
206,Sancti Spíritus,CU,1603237258,21.93,-79.44,97,91,74.79,6.49
207,Kavaratti,IN,1603237200,10.57,72.64,99,74,81.09,10.8
208,Cayenne,GF,1603237215,4.93,-52.33,100,78,82.4,5.82
209,Klaksvík,FO,1603237262,62.23,-6.59,17,71,39.2,4.7
210,Sinnamary,GF,1603237205,5.38,-52.95,100,79,80.64,13.91
211,Kidal,ML,1603237264,18.44,1.41,0,15,84.63,2.59
212,Ancud,CL,1603237174,-41.87,-73.82,0,66,48.99,6.93
213,Neuquén,AR,1603237219,-38.95,-68.06,40,25,73.4,23.04
214,Hervey Bay,AU,1603237249,-25.3,152.85,75,60,77.0,11.41
215,Chumikan,RU,1603237269,54.72,135.31,100,77,36.32,1.05
216,Alhama de Murcia,ES,1603237270,37.85,-1.43,81,90,64.0,3.0
217,Cidreira,BR,1603237272,-30.18,-50.21,26,94,68.16,6.82
218,Alta Floresta,BR,1603237273,-9.88,-56.09,96,53,82.42,1.77
219,Amga,RU,1603237274,60.9,131.96,100,96,21.22,4.07
220,Lorengau,PG,1603237275,-2.02,147.27,49,60,86.27,3.71
221,Borba,BR,1603237277,-4.39,-59.59,67,58,82.85,2.28
222,Kieta,PG,1603237278,-6.22,155.63,56,64,85.62,4.23
223,Bonavista,CA,1603237276,48.65,-53.11,99,81,55.0,7.0
224,Erzin,TR,1603237280,36.96,36.2,3,75,72.0,1.99
225,Pontianak,ID,1603237282,-0.03,109.33,96,84,79.88,3.49
226,Prainha,BR,1603237283,-1.8,-53.48,83,62,81.93,4.65
227,Kruisfontein,ZA,1603237284,-34.0,24.73,0,84,52.0,5.17
228,Žiežmariai,LT,1603237285,54.8,24.45,100,81,44.6,11.41
229,Fayaoué,NC,1603237287,-20.65,166.53,0,72,76.35,7.0
230,Yar-Sale,RU,1603237288,66.83,70.83,100,99,25.66,3.85
231,Baykit,RU,1603237240,61.67,96.37,95,95,22.15,1.23
232,Chapais,CA,1603237290,49.78,-74.85,90,99,33.8,4.7
233,Kassala,SD,1603237291,15.45,36.4,0,47,78.35,7.43
234,Mackay,AU,1603237010,-21.15,149.2,40,65,80.6,13.87
235,Abu Samrah,SY,1603237294,35.3,37.18,0,56,61.79,2.73
236,Nishihara,JP,1603237295,26.18,127.76,90,74,80.6,17.22
237,Pevek,RU,1603237296,69.7,170.31,99,95,30.83,17.27
238,Trairi,BR,1603237298,-3.28,-39.27,27,76,79.03,12.1
239,Alta Gracia,AR,1603237299,-31.65,-64.43,100,95,59.0,10.0
240,Ritchie,ZA,1603237300,-29.04,24.6,0,38,57.2,6.93
241,Coquimbo,CL,1603237016,-29.95,-71.34,20,87,55.4,10.29
242,Mazatlán,MX,1603237303,23.22,-106.42,20,70,89.6,13.87
243,Saint-Jérôme,CA,1603237111,45.78,-74.0,90,75,46.4,5.82
244,Tungor,RU,1603237305,53.38,142.96,55,71,39.61,14.32
245,Oussouye,SN,1603237306,12.48,-16.55,20,88,82.4,4.7
246,Souillac,MU,1603237307,-20.52,57.52,1,74,73.99,5.01
247,Pacific Grove,US,1603237041,36.62,-121.92,1,60,71.01,5.82
248,Demyansk,RU,1603237310,57.64,32.47,79,98,32.14,3.67
249,Port Hedland,AU,1603237311,-20.32,118.57,86,83,77.0,9.17
250,Biak,ID,1603237195,-0.91,122.88,92,69,80.8,5.26
251,Moerai,PF,1603237314,-22.43,-151.33,2,80,77.68,7.0
252,Sobolevo,RU,1603237315,54.43,31.9,90,90,34.21,4.97
253,Luohe,CN,1603237316,33.57,114.04,53,65,59.7,10.83
254,Akhaldaba,GE,1603237317,41.65,42.15,75,100,59.0,9.17
255,Pisco,PE,1603237319,-13.7,-76.22,2,77,66.0,13.87
256,Östersund,SE,1603237320,63.18,14.64,100,98,32.0,10.29
257,Kletnya,RU,1603237321,53.39,33.22,67,90,34.07,3.58
258,Iqaluit,CA,1603237173,63.75,-68.51,90,80,30.2,6.93
259,Fortuna,US,1603237323,40.6,-124.16,1,59,66.99,18.34
260,Cururupu,BR,1603237325,-1.83,-44.87,73,83,76.39,4.47
261,Kultuk,RU,1603237326,51.72,103.7,100,82,31.82,4.36
262,Mongar,BT,1603237327,27.27,91.24,0,73,51.3,6.62
263,Kargopol',RU,1603237328,61.51,38.95,76,96,31.28,9.1
264,Jimma,ET,1603237330,7.67,36.83,40,81,55.08,1.45
265,Deputatsky,RU,1603237280,69.3,139.9,100,96,9.68,2.8
266,Saurimo,AO,1603237332,-9.66,20.39,17,79,64.89,3.62
267,Naze,JP,1603237334,28.37,129.48,75,78,78.8,16.11
268,Lata,PT,1603237335,40.16,-8.33,72,94,62.01,1.99
269,Kiryat Gat,IL,1603237336,31.61,34.76,0,100,73.99,1.99
270,Tuatapere,NZ,1603237337,-46.13,167.68,31,62,55.0,7.0
271,Malatya Province,TR,1603237339,38.5,38.0,5,87,48.2,1.12
272,Pappadátes,GR,1603237340,39.31,20.79,0,50,61.0,5.82
273,Cabo Rojo,PR,1603237341,18.09,-67.15,45,88,82.0,1.99
274,Limbang,MY,1603237342,4.75,115.0,75,88,77.0,3.36
275,Porto Recanati,IT,1603237344,43.44,13.66,30,74,57.0,8.59
276,La Ronge,CA,1603237232,55.1,-105.28,90,63,26.6,2.24
277,Pandan Niog,PH,1603237346,6.23,120.56,100,73,83.53,10.45
278,Piaçabuçu,BR,1603237347,-10.41,-36.43,2,78,75.33,9.69
279,Ponta do Sol,PT,1603237349,32.67,-17.1,20,68,66.2,2.24
280,Ugoofaaru,MV,1603237350,5.67,73.0,100,79,81.86,12.06
281,Dahra,DZ,1603237351,36.25,0.85,60,25,75.2,3.36
282,Korla,CN,1603237352,41.76,86.15,0,85,48.0,5.99
283,Faya,SA,1603237353,18.39,42.45,0,24,57.2,4.7
284,Nālūt,LY,1603237355,30.33,10.85,3,38,61.68,16.75
285,Ahipara,NZ,1603237199,-35.17,173.17,100,56,67.28,5.73
286,Wabag,PG,1603237357,-5.48,143.7,99,87,58.39,1.97
287,Saint George,US,1603237289,37.1,-113.58,1,9,87.01,5.82
288,Ribeira Grande,PT,1603237360,38.52,-28.7,88,65,63.5,26.73
289,Taksimo,RU,1603237361,56.34,114.88,15,81,17.94,3.27
290,Plácido de Castro,BR,1603237189,-10.34,-67.19,71,93,74.95,3.89
291,Den Helder,NL,1603237364,52.96,4.76,90,87,57.99,12.75
292,Gravataí,BR,1603237365,-29.94,-50.99,90,94,73.0,6.93
293,Oneonta,US,1603237090,42.45,-75.06,100,81,51.01,2.66
294,Zhigansk,RU,1603237367,66.77,123.37,100,97,15.85,2.44
295,Ilulissat,GL,1603237368,69.22,-51.1,100,80,35.6,11.41
296,Mayo,US,1603237370,38.89,-76.51,1,100,66.0,6.93
297,Pokaran,IN,1603237371,26.92,71.92,0,15,81.73,7.83
298,Bairiki Village,KI,1603237289,1.33,172.98,40,70,86.0,10.29
299,Kousséri,CM,1603237373,12.08,15.03,0,78,77.0,5.82
300,Chokurdakh,RU,1603237322,70.63,147.92,87,96,9.97,4.68
301,Port Moresby,PG,1603237376,-9.44,147.18,82,70,83.8,5.44
302,Casper,US,1603237237,42.87,-106.31,1,53,50.0,11.41
303,Pontian Kecil,MY,1603237378,1.48,103.39,20,94,80.01,2.26
304,Asadābād,IR,1603237380,34.78,48.12,0,56,44.11,2.21
305,Tottori-shi,JP,1603237381,35.5,134.23,29,56,64.89,6.46
306,Hanover,DE,1603237238,52.37,9.73,75,93,55.0,6.93
307,Ceres,US,1603237205,37.59,-120.96,1,22,87.8,3.36
308,Óbidos,BR,1603237384,-1.92,-55.52,51,54,84.58,2.3
309,College,US,1603237386,64.86,-147.8,90,79,23.0,0.96
310,Umluj,SA,1603237387,25.02,37.27,0,32,84.51,5.57
311,Adré,TD,1603237388,13.47,22.2,0,19,75.49,11.27
312,Steamboat Springs,US,1603237311,40.48,-106.83,1,26,59.0,9.17
313,Kabo,CF,1603237391,7.7,18.63,36,80,73.24,3.49
314,Petropavlovsk-Kamchatskiy,RU,1603237392,53.05,158.65,0,60,39.2,13.42
315,Bandarbeyla,SO,1603237393,9.49,50.81,0,72,78.28,8.12
316,Stephenville Crossing,CA,1603237394,48.5,-58.43,90,93,59.0,21.92
317,Shitanjing,CN,1603237395,39.23,106.34,0,56,38.79,3.65
318,Salamiyah,SY,1603237310,35.01,37.05,0,50,62.42,2.77
319,Lagoa,PT,1603237398,39.05,-27.98,59,66,62.89,26.62
320,Constitución,CL,1603237399,-35.33,-72.42,0,77,52.29,16.42
321,Unity,CA,1603237216,52.45,-109.17,84,90,23.92,2.98
322,Landerneau,FR,1603237402,48.45,-4.25,90,93,59.0,6.93
323,Ruteng,ID,1603237403,-8.61,120.47,74,68,73.17,0.65
324,Sémbé,CG,1603237404,1.65,14.58,94,92,71.06,2.39
325,Prabumulih,ID,1603237405,-3.45,104.25,85,86,78.39,0.94
326,Kangaatsiaq,GL,1603237407,68.31,-53.46,100,92,34.03,20.02
327,Moose Factory,CA,1603237408,51.26,-80.61,1,74,30.2,1.95
328,Senno,RU,1603237409,59.53,33.92,73,93,30.0,57.0
329,Kununurra,AU,1603237234,-15.77,128.73,1,74,86.0,3.36
330,Prieska,ZA,1603237411,-29.66,22.75,0,33,57.2,9.89
331,Sitka,US,1603237202,57.05,-135.33,40,70,44.6,5.82
332,Cuamba,MZ,1603237414,-14.8,36.54,56,44,76.93,5.41
333,Olafsvik,IS,1603237415,64.89,-23.71,100,81,42.89,11.25
334,Maragogi,BR,1603237159,-9.01,-35.22,35,82,75.24,7.65
335,Juneau,US,1603237188,58.3,-134.42,90,80,42.01,1.34
336,Hobyo,SO,1603237419,5.35,48.53,1,82,79.74,17.65
337,Makakilo City,US,1603237138,21.35,-158.09,90,70,84.2,9.17
338,Samarai,PG,1603237422,-10.62,150.67,96,82,80.47,8.12
339,Tsimlyansk,RU,1603237423,47.65,42.1,37,63,43.54,10.6
340,Owando,CG,1603237424,-0.48,15.9,97,95,70.56,3.69
341,Lucea,JM,1603237425,18.45,-78.17,40,83,82.4,5.82
342,Camaná,PE,1603237427,-16.62,-72.71,19,75,61.97,4.05
343,Tripoli,LY,1603237428,32.88,13.19,3,62,69.13,9.33
344,Wajima,JP,1603237429,37.4,136.9,20,72,59.0,6.93
345,Ixtapa,MX,1603237430,20.7,-105.2,40,74,87.8,9.17
346,Rawson,AR,1603237432,-43.3,-65.1,57,61,51.12,19.69
347,Clifton,US,1603237178,40.86,-74.16,1,88,64.99,4.7
348,Kungurtug,RU,1603237434,50.6,97.52,98,93,21.92,0.2
349,Dukat,RU,1603237435,62.55,155.55,67,94,12.72,2.01
350,Rio Grande,BR,1603237187,-32.03,-52.1,100,84,64.0,4.0
351,Marrakesh,MA,1603237438,31.63,-8.01,20,73,69.8,10.29
352,Chernyshevskiy,RU,1603237439,63.01,112.47,82,98,13.3,3.8
353,Karratha,AU,1603237440,-20.74,116.85,36,43,76.53,11.72
354,Inuvik,CA,1603237441,68.35,-133.72,90,92,23.0,12.75
355,Cockburn Town,TC,1603237443,21.46,-71.14,96,78,81.9,13.29
356,Waipawa,NZ,1603237444,-41.41,175.52,93,72,61.0,17.22
357,Kati,ML,1603237445,12.74,-8.07,17,83,73.4,3.36
358,Pizarro,CO,1603237446,4.95,-77.37,95,88,77.54,7.25
359,Chhāpar,IN,1603237448,27.82,74.4,9,28,77.79,10.92
360,Yerbogachën,RU,1603237367,61.28,108.01,100,96,20.53,7.9
361,Alyangula,AU,1603237450,-13.85,136.42,0,74,84.2,9.17
362,Santa Rosa,PH,1603237229,14.31,121.11,90,94,78.8,5.82
363,Bolitoc,PH,1603237452,15.74,119.88,100,90,79.18,24.34
364,Encruzilhada do Sul,BR,1603237454,-30.54,-52.52,62,90,62.29,14.74
365,Huilong,CN,1603237455,31.81,121.66,100,90,68.0,7.76
366,Ballina,AU,1603237318,-28.87,153.57,3,53,73.99,5.82
367,Dudinka,RU,1603237458,69.41,86.18,75,84,8.6,2.24
368,Bandar-e Lengeh,IR,1603237459,26.56,54.88,0,40,77.05,6.38
369,Luleå,SE,1603237460,65.58,22.15,29,100,24.8,5.82
370,Opuwo,NA,1603237297,-18.06,13.84,0,33,64.13,5.48
371,Kaeo,NZ,1603237463,-35.1,173.78,95,64,65.05,7.29
372,Lüderitz,NA,1603237175,-26.65,15.16,0,48,63.09,19.86
373,Saldanha,ZA,1603237465,-33.01,17.94,0,81,46.4,3.36
374,Léo,BF,1603237466,11.1,-2.1,63,57,79.23,6.67
375,Borgosesia,IT,1603237468,45.71,8.28,94,93,52.0,2.82
376,Kemisē,ET,1603237469,10.72,39.87,52,50,64.08,1.28
377,Rock Sound,BS,1603237470,24.9,-76.2,48,78,81.36,23.67
378,Nushki,PK,1603237471,29.55,66.02,0,56,43.66,0.96
379,Elk Plain,US,1603237473,47.05,-122.4,40,54,59.0,2.48
380,Matara,LK,1603237308,5.95,80.54,14,88,77.67,10.22
381,Price,US,1603237475,39.6,-110.81,1,18,71.6,12.75
382,Bosaso,SO,1603237477,11.28,49.18,0,33,83.34,8.75
383,Oranjemund,NA,1603237478,-28.55,16.43,0,71,57.9,17.09
384,Türkan,AZ,1603237479,40.36,50.22,75,77,59.0,13.87
385,Mawlaik,MM,1603237480,23.63,94.42,83,94,72.82,0.78
386,Vestmanna,FO,1603237482,62.16,-7.17,11,75,39.2,4.7
387,Pīpār,IN,1603237483,26.39,73.54,44,53,81.23,7.7
388,Sumbe,AO,1603237484,-11.21,13.84,97,84,74.35,5.88
389,Nelson Bay,AU,1603237485,-32.72,152.15,40,60,75.0,12.75
390,Srednekolymsk,RU,1603237487,67.45,153.68,94,96,18.36,5.73
391,Sindou,BF,1603237488,10.67,-5.17,53,75,76.19,2.62
392,Aranos,NA,1603237489,-24.13,19.12,0,32,60.6,10.85
393,Coahuayana Viejo,MX,1603237491,18.73,-103.68,75,78,82.4,11.41
394,Bagotville,AU,1603237492,-28.98,153.42,1,53,73.99,5.82
395,Villazón,BO,1603237493,-22.09,-65.59,17,52,53.76,11.32
396,Tegul'det,RU,1603237494,57.31,88.17,98,96,35.13,5.88
397,Champerico,GT,1603237496,14.3,-91.92,90,100,73.4,6.93
398,Ahmednagar,IN,1603237497,19.08,74.73,97,85,73.2,2.33
399,Karaton,ID,1603237498,-6.34,106.1,20,88,79.0,5.82
400,Nome,US,1603237499,64.5,-165.41,40,86,39.2,5.82
401,Angoche,MZ,1603237501,-16.23,39.91,0,84,74.17,6.26
402,Sørland,NO,1603237502,67.67,12.69,3,64,42.04,17.6
403,Maniitsoq,GL,1603237504,65.42,-52.9,100,89,33.42,20.07
404,Richards Bay,ZA,1603237505,-28.78,32.04,88,73,67.42,9.13
405,Naryan-Mar,RU,1603237507,67.67,53.09,99,98,27.25,5.93
406,Vao,NC,1603237508,-22.67,167.48,45,84,73.15,14.16
407,Baharly,TM,1603237509,38.44,57.43,0,32,59.83,2.75
408,Puerto El Triunfo,SV,1603237511,13.28,-88.55,75,88,80.6,5.82
409,Morristown,US,1603237512,36.21,-83.29,1,72,68.0,3.89
410,Havøysund,NO,1603237513,71.0,24.66,20,100,26.6,4.7
411,Jiangyou,CN,1603237515,31.77,104.72,96,68,58.71,2.33
412,Saint-François,FR,1603237516,46.42,3.91,100,59,62.6,18.34
413,Tolaga Bay,NZ,1603237517,-38.37,178.3,98,76,63.32,6.76
414,Llano de Piedra,PA,1603237519,7.67,-80.57,98,88,75.42,5.35
415,Touros,BR,1603237302,-5.2,-35.46,20,83,77.0,3.36
416,Sabang,ID,1603237521,5.89,95.32,66,74,82.72,14.27
417,Hasaki,JP,1603237523,35.73,140.83,20,77,61.0,10.29
418,Smolino,RU,1603237524,56.28,43.03,90,100,33.8,8.95
419,Caceres,ES,1603237525,39.52,-6.37,81,98,57.99,7.0
420,Channel-Port aux Basques,CA,1603237526,47.57,-59.14,88,91,55.65,17.02
421,Mount Gambier,AU,1603237528,-37.83,140.77,90,82,55.4,10.29
422,Salalah,OM,1603237529,17.02,54.09,74,43,78.15,1.43
423,Bilma,NE,1603237530,18.69,12.92,0,17,79.32,4.63
424,Mahébourg,MU,1603237531,-20.41,57.7,40,83,73.4,8.05
425,Autazes,BR,1603237533,-3.58,-59.13,97,57,84.29,5.06
426,Angoram,PG,1603237534,-4.06,144.07,99,63,87.55,1.57
427,Rocha,UY,1603237527,-34.48,-54.33,100,70,54.28,11.97
428,Mendi,PG,1603237537,-6.18,143.65,100,99,57.11,2.21
429,Bethel,US,1603237538,41.37,-73.41,1,93,63.0,4.7
430,La Tuque,CA,1603237539,47.43,-72.78,100,86,35.42,0.96
431,Villarrobledo,ES,1603237540,39.27,-2.6,100,57,61.0,4.0
432,Tamiahua,MX,1603237542,21.27,-97.45,11,83,77.85,6.53
433,São José da Coroa Grande,BR,1603237543,-8.9,-35.15,25,82,75.76,7.76
434,Katsuura,JP,1603237544,35.13,140.3,20,67,63.0,17.22
435,Chālūs,IR,1603237545,36.66,51.42,75,88,66.2,4.7
436,Altrincham,GB,1603237547,53.39,-2.35,40,87,57.99,3.36
437,Umreth,IN,1603237548,22.7,73.12,40,70,84.2,2.24
438,Zheleznodorozhnyy,RU,1603237549,55.75,38.0,75,74,35.6,11.18
439,Arrondissement de Verdun,FR,1603237550,49.25,5.33,100,80,55.0,1.01
440,Trincomalee,LK,1603237552,8.57,81.23,1,78,80.29,17.58
441,Aloleng,PH,1603237553,16.13,119.78,100,86,79.81,27.54
442,Nashville,US,1603237503,36.17,-86.78,1,64,75.2,5.26
443,Winneba,GH,1603237555,5.35,-0.62,40,88,78.8,6.93
444,Meulaboh,ID,1603237557,4.14,96.13,43,84,76.87,4.99
445,Booué,GA,1603237558,-0.09,11.94,99,96,71.33,2.8
446,Nīlēshwar,IN,1603237559,12.25,75.1,75,94,75.2,1.12
447,Hambantota,LK,1603237560,6.12,81.12,47,83,78.89,16.93
448,Daro,GN,1603237562,8.52,-9.57,14,95,68.09,0.4
449,Bad Harzburg,DE,1603237563,51.88,10.57,100,95,55.0,10.16
450,Mwinilunga,ZM,1603237564,-11.74,24.43,0,41,65.48,4.18
451,Amuntai,ID,1603237512,-2.42,115.25,99,75,79.81,1.41
452,Alice Springs,AU,1603237523,-23.7,133.88,75,39,82.4,9.17
453,Quatre Cocos,MU,1603237568,-20.21,57.76,40,83,73.99,8.05
454,Lubaczów,PL,1603237569,50.16,23.12,93,77,43.56,9.08
455,Padang,ID,1603237570,-0.95,100.35,80,70,80.31,4.12
456,Manubul,PH,1603237572,5.47,120.8,100,75,84.06,12.75
457,Punta de Piedra,VE,1603237573,7.62,-71.49,73,89,75.65,2.06
458,Porbandar,IN,1603237574,21.64,69.61,11,81,82.45,7.2
459,Safi,MA,1603237575,32.3,-9.24,58,89,67.37,18.79
460,Virginia Beach,US,1603237577,36.85,-75.98,90,88,68.0,5.82
461,Puquio,PE,1603237578,-14.7,-74.13,4,45,51.8,5.41
462,Baní,DO,1603237579,18.28,-70.33,40,78,82.99,3.22
463,Guilin,CN,1603237580,25.28,110.29,75,82,60.8,2.24
464,Fare,PF,1603237582,-16.7,-151.02,50,79,79.2,13.04
465,Sambava,MG,1603237583,-14.27,50.17,98,82,74.61,14.47
466,Bud,US,1603237302,39.45,-86.18,90,100,54.0,5.82
467,Tiznit Province,MA,1603237586,29.58,-9.5,90,61,69.3,2.3
468,Port-Gentil,GA,1603237587,-0.72,8.78,75,94,77.0,2.24
469,Ponta Delgada,PT,1603237588,37.73,-25.67,40,67,60.8,11.41
470,Wamba,NG,1603237589,8.93,8.6,23,82,73.08,2.55
471,Bengkulu,ID,1603237591,-3.8,102.27,98,77,78.08,3.18
472,Berlevåg,NO,1603237592,70.86,29.09,87,80,36.93,3.69
473,Samandağ,TR,1603237593,36.08,35.98,0,82,66.2,4.7
474,Corinth,GR,1603237594,37.94,22.96,27,53,64.0,1.99
475,Byron Bay,AU,1603237314,-28.65,153.62,4,53,73.99,5.82
476,Kingman,US,1603237341,35.19,-114.05,1,8,91.0,9.17
477,Zhuhai,CN,1603237598,22.28,113.57,20,73,69.8,19.46
478,Vryburg,ZA,1603237599,-26.96,24.73,0,34,58.66,10.22
479,Jieshi,CN,1603237601,22.81,115.83,42,70,73.0,4.0
480,San Juan,AR,1603237554,-31.54,-68.54,0,31,69.49,10.13
481,Evensk,RU,1603237603,61.95,159.23,92,86,34.63,5.68
482,Kaabong,UG,1603237604,3.48,34.15,52,68,67.28,9.73
483,Maturin,VE,1603237406,9.75,-63.18,26,86,77.43,6.78
484,Nueva Loja,EC,1603237607,0.08,-76.88,75,94,77.0,3.36
485,Comodoro Rivadavia,AR,1603237501,-45.87,-67.5,75,70,46.4,11.41
486,Ust-Nera,RU,1603237609,64.57,143.2,67,87,8.69,2.62
487,Bella Union,UY,1603237610,-30.28,-57.6,88,72,66.74,18.19
488,Taoudenni,ML,1603237542,22.68,-3.98,0,18,80.33,9.78
489,Maksi,IN,1603237613,23.27,76.15,4,59,72.77,4.99
490,Kushmurun,KZ,1603237614,52.45,64.63,83,58,47.12,7.99
491,Ardakān,IR,1603237615,32.31,54.02,0,16,53.6,2.24
492,Haines Junction,CA,1603237616,60.75,-137.51,99,79,30.15,5.41
493,Skjervøy,NO,1603237618,70.03,20.97,87,79,36.77,14.94
494,Tepechitlán,MX,1603237619,21.67,-103.33,3,36,74.05,3.06
495,Huari,PE,1603237620,-9.33,-77.23,93,86,42.93,4.7
496,Sechura,PE,1603237622,-5.56,-80.82,26,70,68.07,15.26
497,Port Keats,AU,1603237623,-14.25,129.55,11,66,86.83,8.63
498,Avilés,ES,1603237624,43.55,-5.92,20,100,59.0,4.7
499,Reconquista,AR,1603237625,-29.15,-59.65,92,72,73.04,16.71
500,Presidente Médici,BR,1603237626,-11.18,-61.9,28,53,83.23,2.55
501,Makaha,US,1603237628,21.47,-158.22,90,88,84.2,4.7
502,San Jose,US,1603237402,37.34,-121.89,1,39,87.01,13.87
503,Sarti,GR,1603237630,40.1,23.98,30,66,63.01,20.69
504,Port Lincoln,AU,1603237632,-34.73,135.87,12,72,61.77,13.15
505,Baijiantan,CN,1603237633,45.63,85.18,0,52,43.16,4.74
506,Mercedes,AR,1603237634,-34.65,-59.43,63,28,57.0,5.01
507,Broken Hill,AU,1603237635,-31.95,141.43,19,26,71.6,10.29
508,Gorontalo,ID,1603237473,0.54,123.06,100,69,82.72,3.85
509,Cabedelo,BR,1603237638,-6.98,-34.83,40,83,77.0,5.82
510,Gebog,ID,1603237639,-6.74,110.84,77,77,81.07,4.12
511,Pasni,PK,1603237640,25.26,63.47,0,26,77.02,14.72
512,Gunjur,GM,1603237642,13.2,-16.73,20,94,80.6,4.7
513,Papara,BR,1603237643,-3.98,-38.73,40,78,80.6,11.41
514,Nacozari,MX,1603237644,25.34,-108.26,0,45,91.99,7.0
515,Chimbote,PE,1603237460,-9.09,-78.58,13,83,63.23,7.9
516,Verkhnyaya Inta,RU,1603237597,65.98,60.31,99,98,20.16,1.68
517,Lodwar,KE,1603237648,3.12,35.6,99,35,88.11,14.34
518,Örnsköldsvik,SE,1603237649,63.29,18.72,100,100,33.8,17.22
519,Kalmunai,LK,1603237650,7.42,81.82,28,77,77.81,5.14
520,Puro,PH,1603237651,12.48,123.38,99,80,82.71,15.43
521,Soe,ID,1603237653,-9.86,124.28,90,42,81.68,3.13
522,Katangli,RU,1603237654,51.71,143.23,49,68,39.58,10.83
523,Dvinskoy Bereznik,RU,1603237655,62.86,42.71,97,97,26.91,8.23
524,Baoqing,CN,1603237656,46.33,132.21,100,73,52.65,12.95
525,Kaifeng,CN,1603237658,34.79,114.35,29,67,57.2,6.71
526,Āsosa,ET,1603237659,10.07,34.53,24,86,62.78,4.79
527,Oriximiná,BR,1603237660,-1.77,-55.87,28,56,84.15,2.55
528,Norsup,VU,1603237661,-16.07,167.38,75,78,82.4,11.41
529,Muros,ES,1603237663,42.78,-9.06,100,89,59.0,11.01
530,Kayerkan,RU,1603237664,69.35,87.76,75,84,8.6,2.24
531,Russell,US,1603237665,32.35,-85.2,1,69,78.8,3.36
532,Carhuamayo,PE,1603237666,-10.92,-76.03,57,90,39.51,5.08
533,Obihiro,JP,1603237510,42.92,143.2,20,80,41.0,4.7
534,Bintulu,MY,1603237478,3.17,113.03,40,88,77.0,8.05
